name,email,phone,ssn, password,ip,last_login,user_agent
"Marlene Wood","hwestiii@att.net"," (473) 401-4253","261-72-6780","K5?BMNv", "60ed:c396:2ff:244:bbd0:9208:26f2:93ea","2019-11-14 06:14:24","Mozilla/5.0 (Windows NT 10.0; Win64; x64) AppleWebKit/537/74.0.3729.157 Safari/537.36"
"Rhianna Barrera","hampton@me.com"," (473) 310-1175","494-07-2341","cj22zAH&","6131:10bb:3bcf:6ce5:497c:fdcb:14:14:14: 1014: 14:14:14:14:14: 1014:14:14:14:14:14:14:14:14:14:1014:14:6:14:14:1014:14: 16:6:6:14:14:14:6:6:14:6:64:14:64:6:6:6:6:6:6:6:6:6:64:6:6:6:6:6:64:64:6:6:6:6:6000/5.0 (Windows NT 6.3; Win64; x64) AppleWebKit/537.36 (KHTML, like Gecko) Chrome/60.0.3112.113 Safari/537.36"
"Ruth Trevino","valdez@verizon.net"," (731) 915-5892","450-76-5961","EwV9tC9#","e501:2103:c25:ab98:394:494:5a8:731d", 10: 106:10: 10:106:10:10:10:10:106:10:10:10:10: 106:106/5.0 (Linux; Android 8.1.0; motorola one Build/OPKS28.63-18-3; wv AppleWebKit/537.36 (KHTML, like Gecko) Version/4.0 Chrome/70.0.38.80 Mobile Safari/537.208; motorola; motorola one; deen_sprout; qcom; pt_BR; 132081645)"
"Kallie Lewis","lushe@hotmail.com"," (706) 241-9332","174-40-2889","%9xwUUpt","630:145e:8acc:d793:5a10:118:768:5010: 19:015:019:019:015:019:015:019:019:015:015:014:019:019:015:019:019:019:015:019:015:015:019:019:015:019:015:015:019:019:015:019:015:015:019:015:0:01019:019:0:01010101/5.0 (Linux; U; Android 4.1.2; de-de; GT-I9100 Build/JZO54K) AppleWebKit/534.30 (KHTML, like Gecko) Version/4.0 Mobile Safari/534.30"
"Jake Wu","ramollin@comcast.net"," (637) 605-9257","247-52-6862","2>jET?7q","6479:e3ae:d70c:c75b:a029:7b69:cda0:e593","2019-11-14 06:15:17","Mozilla/5.0 (Linux; Android 7.0; SM-G570Mild/ND793, like Gecko) Version/4.0 Chrome/69.0.3497.100 Mobile Safari/537.36 [FB_IAB/FB4A;FBAV/193.0.0.45.101;]"
"Salvatore Pollard","drezet@hotmail.com", "(886) 802-0292","512-74-7870", "3c~Luj%?","6ccd:834f:c8c9:22e:b815:a350:18: 14: 14: 1015: 18:2014: 2014: 2:2014: 2014:2014:2:2014:2014:2:2018:2014:2014:2018:2014:2:2014:2014:2:2014:2014:2:2:2018:2014:2018:2018:2014: :2: :201012018: : :20","Mozilla/5.0 (Windows NT 10.0; WOW64) AppleWebKit/537.36 (KHTML, like Gecko) Chrome/49.0.2623.75 Safari/537.36 OPR/36.0.2132"
"Zackery Ford","jshearer@live.com"," (997) 600-9698","579-03-7675","S+4DvgmW","a7ab:2c8:4a44:978f:4eec:14e:5301: 61010: 6130:610:610:610: 10:10:610:60:1010:30:1010:60:6010/5.0 (Windows NT 5.1; rv:36.0) Gecko/20100101 Firefox/36.0"
"Trystan Baker","dkeeler@comcast.net","(804) 777-8345","548-65-0641","Dd~Ep5M3","ab22:4193:dd2c:a6320:f520:3941:165: 1065:1: 1941:1065:1:1065:1:065: 1:065:1: 12:206061: 12061/5.0 (compatible; MSIE 9.0; Windows NT 6.1; WOW64; Trident/5.0; KTXN)"
"Davon Gay","geoffr@mac.com", "(644) 566-1838","358-18-2062","L4D3&5jq","d29c:1b76:cd05:6e7c:1920:959e:661:01604: 1604: 160404: 160:01601604: 1604: :01604: 161604: :01601601604: :01601604: :016040404: :04040404: : :0404040404:04:0404:01604: :01601606060: : :01604: : : 16016/5.0 (iPhone; CPU iPhone OS 12_3_2 like Mac OS X) AppleWebKit/605.1.15 (KHTML, like Gecko) Mobile/15E148 [FBAN/FBIOS;FBDV/iPhone10,2;FBMD/iEFBSR;FSV/12;FBID/phone;FBLC/en_US;FBOP/5]"
"Eliza Burke","satishr@yahoo.com"," (212) 237-9866","472-42-0884","7xM6XD$T","d160:9a44:b8c2:72d1:41d3c:10161: /2010101016: /20160160/5.0 (Windows NT 10.0; Win64; x64; rv:61.0) Gecko/20100101 Firefox/61.0"
"Belen Bailey","bcevc@yahoo.com", "(539) 233-4942","203-38-5395","^3EZ~TkX","f724:c5d1:a14d:c4c5:bae2:9457:1694:194:194:1694:161694:194:194:194:194:1694:1694:19:194:19694:194:194:196194:1694:1694:194:194:161694:194:194:194:194:194:194:16194:194:194:194:194:194:194:16161619/5.0 (Linux; U; Android 4.1.2; de-de; GT-I9100 Build/JZO54K) AppleWebKit/534.30 (KHTML, like Gecko) Version/4.0 Mobile Safari/534.30"
"Lilly Stuart","slaff@mac.com","(404) 269-6404","297-98-5726","Dc9+NZ>H","e848:e848:418:16:18:1848:1018:18:16:1018:1848:101848:18:184:1848:18:1848:1848484848: 18484:18:184:18:1848: 16:18:18484848484848484848:16:16:16:16:1484848:18:1848:18:184: 16:16: 184840184","Mozilla/5.0 (compatible; MSIE 9.0; Windows NT 6.1; WOW64; Trident/5.0; KTXN)"
